{
    "strategy_name": "AlexStrategyFinalV93",
    "params": {
        "trailing": {
            "trailing_stop": false,
            "trailing_stop_positive": null,
            "trailing_stop_positive_offset": 0.0,
            "trailing_only_offset_is_reached": false
        },
        "max_open_trades": {
            "max_open_trades": 30
        },
        "buy": {
            "target_pct_change": 4.937927956513949,
            "w0": 0.6252294538654523,
            "w1": 0.6164481594244654,
            "w2": 0.3448161168843312,
            "w3": 0.34208369968548524,
            "w4": 0.7471285553762889,
            "w5": 0.663215031787576,
            "w6": 0.7999426059570177,
            "w7": 0.961197754386564,
            "w8": 0.41929396112158196,
            "predicted_R_factor": 0.35374438858999746,
            "predicted_V_factor": 1.7628175465758515,
            "predicted_S_factor": 0.5870863857074129,
            "predicted_R2_factor": 1.1082380449009737,
            "predicted_V2_factor": 0.4867577723922357,
            "min_trailing_stop": 0.1,
            "max_trailing_stop": 0.3,
            "min_trailing_offset": 0.1,
            "max_trailing_offset": 0.3
        },
        "sell": {},
        "protection": {},
        "minimal_roi": {},
        "stoploss": {
            "stoploss": -0.14
        }
    },
    "ft_stratparam_v": 1,
    "export_time": "2024-09-16 10:51:50.187756+00:00"
}
